<?xml version="1.0" encoding="UTF-8" standalone="yes"?>
<addon id="plugin.program.fsdev" name="[COLOR limegreen][B]FS[/B][/COLOR]Dev" version="1.0.4" provider-name="alxmrt">
    <requires>
        <import addon="xbmc.python" version="2.1.0" />
        <import addon="script.module.requests" />
        <import addon="script.module.six" />
    </requires>
    
    <extension point="xbmc.python.pluginsource" library="default.py">
        <provides>executable</provides>
    </extension>
    
    <extension point="xbmc.service" library="startup.py" start="startup" />
    
    <extension point="xbmc.addon.metadata">
        <summary lang="en">FS Dev</summary>
        <description lang="en">It does something.</description>
        <platform>all</platform>
        <reuselanguageinvoker>false</reuselanguageinvoker>
        <source>https://www.github.com/alxmrt/fsdev</source>
        <assets>
            <icon>icon.png</icon>
            <fanart>fanart.png</fanart>
        </assets>
    </extension>
</addon>
